id,roman_input,devanagari,canonical_roman,language,is_canonical,category
1,mera,मेरा,mera,hi,True,pronoun
2,naam,नाम,naam,hi,True,noun
3,shardul,शार्दुल,shardul,hi,True,name
4,hai,है,hai,hi,True,verb
5,bharat,भारत,bharat,hi,True,noun
6,ek,एक,ek,hi,True,numeral
7,sundar,सुंदर,sundar,hi,True,adjective
8,desh,देश,desh,hi,True,noun
9,namaste,नमस्ते,namaste,hi,True,greeting
10,namste,नमस्ते,namaste,hi,False,greeting
11,krishna,कृष्ण,krishna,hi,True,name
12,krushna,कृष्ण,krishna,hi,False,name
13,nahi,नहीं,nahi,hi,True,adverb
14,tum,तुम,tum,hi,True,pronoun
15,kaise,कैसे,kaise,hi,True,adverb
16,ho,हो,ho,hi,True,verb
17,aap,आप,aap,hi,True,pronoun
18,accha,अच्छा,accha,hi,True,adjective
19,dhanyavaad,धन्यवाद,dhanyavaad,hi,True,greeting
20,paani,पानी,paani,hi,True,noun
21,ghar,घर,ghar,hi,True,noun
22,main,मैं,main,hi,True,pronoun
23,ka,का,ka,hi,True,postposition
24,ki,की,ki,hi,True,postposition
25,mera,मेरा,mera,mr,True,pronoun
26,naam,नाव,naam,mr,True,noun
27,aahe,आहे,aahe,mr,True,verb
28,majha,माझा,majha,mr,True,pronoun
29,mazi,माझी,mazi,mr,True,pronoun
30,tu,तू,tu,mr,True,pronoun
31,kasa,कसा,kasa,mr,True,adjective
32,aahes,आहेस,aahes,mr,True,verb
33,nahi,नाही,nahi,mr,True,adverb
34,namaskar,नमस्कार,namaskar,mr,True,greeting
35,krishna,कृष्ण,krishna,mr,True,name
36,krushna,कृष्ण,krishna,mr,False,name
37,pani,पाणी,pani,mr,True,noun
38,ghar,घर,ghar,mr,True,noun
39,sundar,सुंदर,sundar,mr,True,adjective
40,mitra,मित्र,mitra,mr,True,noun