id,language,roman_sentence,devanagari_sentence
1,hi,mera naam shardul hai,मेरा नाम शार्दुल है
2,hi,bharat ek sundar desh hai,भारत एक सुंदर देश है
3,hi,namaste aap kaise ho,नमस्ते आप कैसे हो
4,hi,mera ghar sundar hai,मेरा घर सुंदर है
5,mr,majha naav shardul aahe,माझा नाव शार्दुल आहे
6,mr,tu kasa aahes,तू कसा आहेस
7,mr,namaskar majha naav shardul aahe,नमस्कार माझा नाव शार्दुल आहे
8,hi,krushna bharat mein hai,कृष्ण भारत में है
9,hi,main ghar ja raha hoon,मैं घर जा रहा हूँ
10,mr,majha ghar sundar aahe,माझा घर सुंदर आहे